review_0,review_1,review_2,review_3,review_4,review_5,review_6,review_7,review_8,review_9
Negative,Positive,Positive,Negative,Positive,Positive,Positive,Negative,Positive,Positive
Positive,Positive,Positive,Positive,Positive,Negative,Positive,Positive,Positive,Positive
Negative,Positive,Positive,Positive,Positive,Positive,Positive,Positive,Positive,Negative
Positive,Positive,Positive,Positive,Positive,Negative,Positive,Positive,Positive,Positive
Positive,Positive,Positive,Positive,Positive,Positive,Positive,Positive,Negative,Negative
Positive,Positive,Positive,Positive,Positive,Positive,Positive,Positive,Positive,Positive
Negative,Positive,Positive,Positive,Negative,Positive,Positive,Positive,Positive,Positive
Positive,Positive,Negative,Negative,Positive,Negative,Positive,Positive,Negative,Positive
Negative,Positive,Positive,Positive,Positive,Negative,Positive,Negative,Positive,Positive
Positive,Negative,Positive,Negative,Positive,Positive,Positive,Positive,Negative,Positive
Positive,Positive,Positive,Positive,Negative,Positive,Positive,Positive,Positive,Positive
Positive,Positive,Positive,Positive,Positive,Positive,Positive,Positive,Positive,Positive
Positive,Positive,Positive,Positive,Positive,Positive,Positive,Positive,Positive,Positive
Negative,Positive,Negative,Positive,Positive,Positive,Positive,Positive,Positive,Positive
Positive,Positive,Positive,Negative,Positive,Positive,Negative,Positive,Positive,Positive
Positive,Positive,Positive,Positive,Positive,Positive,Positive,Positive,Positive,Positive
Positive,Positive,Negative,Positive,Positive,Positive,Positive,Positive,Positive,Positive
Negative,Positive,Positive,Negative,Positive,Positive,Positive,Positive,Negative,Positive
Positive,Positive,Negative,Positive,Negative,Positive,Positive,Positive,Negative,Positive
Positive,Positive,Positive,Positive,Positive,Positive,Positive,Positive,Positive,Positive
Positive,Positive,Positive,Negative,Negative,Positive,Positive,Positive,Positive,Negative
Negative,Positive,Positive,Positive,Positive,Negative,Positive,Positive,Negative,Positive
Positive,Positive,Positive,Positive,Positive,Positive,Positive,Positive,Positive,Positive
Positive,Negative,Positive,Positive,Positive,Positive,Positive,Positive,Negative,Negative
Positive,Positive,Positive,Positive,Positive,Positive,Positive,Positive,Positive,Positive
Positive,Positive,Negative,Positive,Positive,Positive,Positive,Positive,Negative,Positive
Positive,Positive,Positive,Positive,Positive,Negative,Positive,Positive,Positive,Positive
Negative,Positive,Positive,Positive,Positive,Negative,Positive,Positive,Positive,Positive
Positive,Positive,Positive,Positive,Positive,Positive,Positive,Negative,Positive,Negative
Positive,Positive,Positive,Positive,Positive,Positive,Positive,Positive,Positive,Positive
Positive,Positive,Positive,Positive,Negative,Positive,Positive,Positive,Positive,Positive
Positive,Positive,Negative,Positive,Negative,Positive,Positive,Positive,Positive,Positive
Positive,Positive,Negative,Positive,Positive,Positive,Positive,Positive,Positive,Positive
Negative,Positive,Positive,Positive,Positive,Positive,Positive,Positive,Positive,Positive
Positive,Positive,Negative,Positive,Positive,Positive,Positive,Positive,Positive,Positive
Positive,Positive,Positive,Positive,Positive,Negative,Positive,Positive,Positive,Positive
Positive,Negative,Positive,Positive,Positive,Positive,Positive,Positive,Negative,Positive
Positive,Positive,Negative,Positive,Positive,Positive,Positive,Positive,Positive,Positive
Positive,Positive,Positive,Negative,Positive,Positive,Positive,Positive,Positive,Negative
Positive,Positive,Positive,Negative,Positive,Positive,Positive,Positive,Negative,Positive
Negative,Negative,Positive,Negative,Positive,Positive,Positive,Positive,Positive,Positive
Negative,Positive,Positive,Positive,Positive,Positive,Positive,Positive,Positive,Positive
Positive,Positive,Positive,Positive,Positive,Positive,Negative,Positive,Positive,Positive
Positive,Positive,Negative,Positive,Positive,Negative,Positive,Positive,Positive,Positive
Positive,Positive,Positive,Negative,Positive,Positive,Positive,Positive,Positive,Positive
Positive,Positive,Positive,Positive,Positive,Positive,Positive,Positive,Positive,Positive
Positive,Positive,Positive,Positive,Positive,Positive,Negative,Positive,Positive,Positive
Positive,Positive,Positive,Positive,Positive,Positive,Positive,Positive,Negative,Positive
Positive,Positive,Positive,Positive,Positive,Positive,Negative,Negative,Positive,Positive
Positive,Negative,Positive,Negative,Positive,Positive,Positive,Positive,Positive,Positive
Positive,Negative,Positive,Negative,Negative,Positive,Positive,Negative,Positive,Positive
Positive,Positive,Negative,Positive,Positive,Negative,Positive,Positive,Positive,Positive
Positive,Negative,Positive,Positive,Positive,Positive,Positive,Positive,Positive,Positive
Positive,Positive,Positive,Positive,Negative,Positive,Negative,Positive,Positive,Positive
Positive,Negative,Positive,Positive,Positive,Negative,Positive,Positive,Positive,Positive
Positive,Positive,Positive,Positive,Positive,Positive,Positive,Positive,Positive,Negative
Negative,Negative,Positive,Positive,Positive,Positive,Positive,Positive,Positive,Negative
Positive,Positive,Positive,Positive,Negative,Positive,Positive,Positive,Positive,Positive
Positive,Positive,Positive,Positive,Negative,Positive,Positive,Positive,Positive,Positive
Positive,Positive,Positive,Positive,Positive,Positive,Positive,Positive,Positive,Negative
Positive,Positive,Positive,Positive,Positive,Positive,Positive,Positive,Positive,Positive
Positive,Positive,Positive,Positive,Positive,Positive,Positive,Positive,Positive,Positive
Positive,Positive,Positive,Positive,Positive,Positive,Positive,Negative,Positive,Positive
Positive,Negative,Negative,Positive,Positive,Negative,Positive,Positive,Positive,Positive
Positive,Positive,Positive,Positive,Positive,Negative,Positive,Positive,Positive,Positive
Positive,Positive,Positive,Positive,Positive,Positive,Positive,Negative,Positive,Positive
Positive,Positive,Positive,Negative,Positive,Positive,Positive,Positive,Negative,Positive
Negative,Positive,Positive,Positive,Positive,Positive,Positive,Positive,Positive,Positive
Positive,Negative,Positive,Positive,Positive,Positive,Positive,Positive,Positive,Positive
Positive,Positive,Positive,Positive,Positive,Negative,Positive,Positive,Positive,Positive
Positive,Positive,Positive,Negative,Positive,Positive,Positive,Positive,Positive,Positive
Positive,Positive,Positive,Positive,Positive,Negative,Positive,Positive,Positive,Positive
Positive,Positive,Positive,Positive,Positive,Positive,Positive,Positive,Positive,Positive
Positive,Positive,Positive,Positive,Positive,Positive,Negative,Positive,Positive,Positive
Negative,Positive,Positive,Positive,Positive,Positive,Negative,Positive,Positive,Positive
Positive,Positive,Positive,Positive,Positive,Positive,Positive,Positive,Positive,Positive
Positive,Positive,Positive,Negative,Negative,Positive,Positive,Positive,Positive,Positive
Positive,Positive,Positive,Positive,Positive,Positive,Positive,Negative,Positive,Positive
Positive,Positive,Positive,Positive,Positive,Positive,Negative,Negative,Positive,Positive
Positive,Positive,Positive,Positive,Negative,Positive,Positive,Positive,Positive,Negative
Positive,Negative,Positive,Positive,Positive,Positive,Positive,Positive,Positive,Positive
Positive,Positive,Negative,Positive,Positive,Positive,Positive,Positive,Positive,Positive
Positive,Positive,Positive,Positive,Positive,Positive,Positive,Negative,Positive,Positive
Positive,Positive,Positive,Positive,Positive,Positive,Positive,Negative,Positive,Negative
Positive,Positive,Negative,Positive,Positive,Positive,Positive,Positive,Positive,Positive
Positive,Positive,Positive,Positive,Positive,Positive,Positive,Positive,Negative,Positive
Positive,Negative,Positive,Positive,Positive,Positive,Positive,Positive,Positive,Negative
Positive,Positive,Positive,Positive,Positive,Positive,Positive,Positive,Positive,Positive
Positive,Positive,Positive,Positive,Positive,Positive,Positive,Positive,Positive,Positive
Positive,Positive,Positive,Positive,Positive,Negative,Negative,Positive,Positive,Positive
Positive,Positive,Positive,Positive,Positive,Negative,Positive,Positive,Positive,Positive
Positive,Positive,Positive,Positive,Positive,Negative,Positive,Positive,Positive,Positive
Positive,Positive,Positive,Positive,Positive,Positive,Positive,Positive,Positive,Positive
Positive,Positive,Positive,Negative,Positive,Positive,Positive,Positive,Positive,Positive
Positive,Negative,Positive,Positive,Positive,Positive,Positive,Positive,Positive,Positive
Positive,Positive,Positive,Positive,Positive,Positive,Positive,Positive,Positive,Negative
Negative,Positive,Positive,Positive,Positive,Positive,Positive,Positive,Positive,Positive
Positive,Positive,Positive,Positive,Positive,Positive,Positive,Positive,Positive,Positive
Positive,Positive,Negative,Positive,Positive,Positive,Negative,Positive,Positive,Positive
Positive,Positive,Positive,Positive,Positive,Positive,Positive,Positive,Positive,Positive
Positive,Negative,Negative,Positive,Negative,Positive,Positive,Positive,Negative,Positive
Positive,Positive,Positive,Positive,Positive,Positive,Positive,Positive,Positive,Positive
Positive,Positive,Positive,Negative,Negative,Positive,Positive,Positive,Positive,Positive
Positive,Negative,Positive,Positive,Positive,Positive,Negative,Positive,Positive,Positive
Positive,Positive,Positive,Positive,Positive,Negative,Positive,Positive,Positive,Positive
Positive,Positive,Positive,Positive,Positive,Positive,Positive,Positive,Positive,Positive
Positive,Negative,Positive,Positive,Negative,Positive,Negative,Positive,Positive,Positive
Negative,Negative,Negative,Positive,Positive,Positive,Positive,Positive,Positive,Positive
Positive,Positive,Positive,Positive,Positive,Positive,Positive,Negative,Positive,Negative
Positive,Positive,Positive,Positive,Positive,Negative,Positive,Positive,Positive,Positive
Positive,Positive,Positive,Positive,Positive,Positive,Positive,Positive,Positive,Positive
Negative,Positive,Positive,Positive,Positive,Positive,Positive,Positive,Negative,Positive
Positive,Positive,Positive,Positive,Positive,Positive,Negative,Positive,Positive,Positive
Positive,Positive,Positive,Positive,Negative,Positive,Positive,Negative,Positive,Positive
Positive,Positive,Negative,Positive,Positive,Positive,Negative,Positive,Negative,Positive
Negative,Positive,Negative,Positive,Positive,Positive,Negative,Negative,Positive,Negative
Positive,Positive,Positive,Negative,Positive,Positive,Positive,Positive,Positive,Positive
Positive,Positive,Negative,Positive,Positive,Positive,Positive,Positive,Positive,Positive
Positive,Positive,Negative,Positive,Positive,Positive,Positive,Positive,Positive,Positive
Positive,Positive,Positive,Positive,Positive,Positive,Negative,Positive,Negative,Positive
Positive,Negative,Positive,Positive,Positive,Positive,Positive,Positive,Negative,Positive
Positive,Negative,Positive,Positive,Negative,Positive,Positive,Positive,Positive,Negative
Negative,Positive,Positive,Positive,Positive,Positive,Positive,Positive,Positive,Negative
Positive,Positive,Positive,Positive,Negative,Positive,Positive,Positive,Positive,Positive
Positive,Positive,Positive,Positive,Positive,Positive,Positive,Positive,Positive,Positive
Negative,Positive,Positive,Positive,Positive,Positive,Positive,Positive,Positive,Positive
Positive,Positive,Positive,Positive,Positive,Positive,Negative,Positive,Positive,Positive
Positive,Positive,Positive,Positive,Positive,Positive,Negative,Positive,Positive,Positive
Positive,Positive,Positive,Positive,Positive,Positive,Positive,Positive,Positive,Positive
Negative,Positive,Positive,Negative,Positive,Positive,Positive,Positive,Positive,Positive
Positive,Negative,Positive,Positive,Positive,Positive,Positive,Positive,Positive,Positive
Positive,Positive,Positive,Negative,Positive,Positive,Positive,Positive,Positive,Positive
Positive,Positive,Negative,Positive,Positive,Positive,Negative,Positive,Positive,Positive
Positive,Positive,Positive,Negative,Positive,Positive,Positive,Positive,Positive,Positive
Negative,Positive,Positive,Positive,Positive,Positive,Negative,Positive,Negative,Positive
Negative,Positive,Positive,Positive,Positive,Negative,Positive,Positive,Positive,Positive
Positive,Negative,Positive,Positive,Positive,Positive,Positive,Positive,Negative,Positive
Negative,Positive,Positive,Positive,Positive,Positive,Positive,Positive,Positive,Positive
Positive,Positive,Positive,Positive,Positive,Positive,Positive,Positive,Positive,Positive
Positive,Positive,Negative,Positive,Negative,Positive,Positive,Positive,Negative,Positive
Positive,Negative,Positive,Positive,Negative,Positive,Positive,Positive,Positive,Negative
Positive,Positive,Positive,Positive,Positive,Positive,Negative,Positive,Positive,Positive
Positive,Positive,Positive,Positive,Positive,Positive,Positive,Positive,Positive,Positive
Positive,Positive,Positive,Negative,Positive,Positive,Positive,Positive,Positive,Positive
Positive,Positive,Positive,Positive,Positive,Positive,Positive,Positive,Positive,Negative
Negative,Positive,Positive,Positive,Positive,Positive,Positive,Positive,Positive,Positive
Positive,Positive,Positive,Positive,Positive,Positive,Positive,Positive,Positive,Positive
Positive,Positive,Positive,Negative,Positive,Positive,Negative,Positive,Positive,Positive
Positive,Positive,Negative,Positive,Positive,Positive,Positive,Negative,Positive,Positive
Positive,Positive,Positive,Positive,Positive,Positive,Negative,Positive,Positive,Positive
Positive,Positive,Negative,Positive,Positive,Positive,Positive,Negative,Negative,Positive
Positive,Positive,Negative,Positive,Positive,Positive,Positive,Positive,Negative,Negative
Positive,Positive,Positive,Positive,Negative,Positive,Positive,Positive,Positive,Positive
Positive,Positive,Positive,Positive,Positive,Positive,Negative,Positive,Negative,Positive
Positive,Negative,Negative,Negative,Positive,Positive,Positive,Positive,Positive,Positive
Positive,Positive,Positive,Positive,Positive,Positive,Negative,Positive,Positive,Positive
Positive,Positive,Negative,Positive,Positive,Positive,Positive,Positive,Positive,Positive
Positive,Positive,Positive,Positive,Negative,Positive,Positive,Negative,Positive,Positive
Positive,Positive,Positive,Positive,Positive,Positive,Negative,Positive,Positive,Positive
Positive,Positive,Negative,Positive,Positive,Positive,Positive,Positive,Positive,Negative
Positive,Positive,Positive,Positive,Positive,Positive,Positive,Positive,Positive,Positive
Positive,Positive,Positive,Positive,Positive,Positive,Positive,Negative,Positive,Positive
Positive,Positive,Positive,Positive,Negative,Positive,Positive,Positive,Positive,Positive
Positive,Positive,Positive,Negative,Positive,Positive,Positive,Positive,Positive,Negative
Negative,Positive,Positive,Positive,Positive,Positive,Positive,Positive,Positive,Positive
Positive,Positive,Negative,Positive,Positive,Positive,Positive,Positive,Positive,Negative
Positive,Positive,Positive,Positive,Positive,Positive,Positive,Negative,Positive,Positive
Positive,Negative,Positive,Positive,Positive,Positive,Negative,Positive,Positive,Positive
Negative,Positive,Positive,Positive,Positive,Positive,Positive,Positive,Negative,Positive
Positive,Positive,Positive,Negative,Positive,Positive,Positive,Positive,Negative,Positive
Positive,Positive,Positive,Positive,Positive,Positive,Positive,Positive,Positive,Positive
Positive,Positive,Positive,Positive,Positive,Positive,Positive,Positive,Positive,Positive
Negative,Positive,Negative,Positive,Positive,Positive,Positive,Positive,Positive,Negative
Positive,Negative,Positive,Positive,Positive,Negative,Positive,Positive,Negative,Positive
Negative,Positive,Positive,Positive,Negative,Positive,Positive,Positive,Positive,Positive
Positive,Positive,Negative,Negative,Positive,Positive,Positive,Positive,Positive,Positive
Positive,Positive,Positive,Positive,Negative,Negative,Positive,Positive,Positive,Positive
Positive,Positive,Positive,Positive,Positive,Positive,Positive,Positive,Negative,Positive
Negative,Negative,Positive,Positive,Positive,Positive,Positive,Positive,Positive,Positive
Positive,Positive,Positive,Positive,Positive,Positive,Negative,Positive,Positive,Positive
Positive,Negative,Positive,Negative,Positive,Positive,Positive,Positive,Positive,Positive
Negative,Positive,Positive,Positive,Positive,Positive,Positive,Positive,Positive,Positive
Positive,Positive,Positive,Positive,Positive,Positive,Positive,Positive,Negative,Positive
Positive,Positive,Positive,Positive,Positive,Positive,Positive,Positive,Negative,Positive
Positive,Positive,Positive,Positive,Positive,Positive,Negative,Positive,Negative,Negative
Positive,Positive,Positive,Positive,Positive,Positive,Negative,Positive,Positive,Positive
Positive,Negative,Positive,Positive,Negative,Positive,Positive,Positive,Positive,Positive
Positive,Positive,Positive,Positive,Positive,Positive,Negative,Positive,Positive,Negative
Positive,Positive,Positive,Positive,Positive,Positive,Positive,Positive,Positive,Positive
Positive,Positive,Positive,Positive,Positive,Positive,Negative,Positive,Positive,Positive
Positive,Positive,Positive,Positive,Positive,Positive,Positive,Positive,Positive,Positive
Positive,Positive,Positive,Positive,Positive,Positive,Positive,Positive,Positive,Negative
Positive,Positive,Positive,Positive,Positive,Positive,Positive,Negative,Positive,Negative
Positive,Negative,Negative,Positive,Positive,Positive,Positive,Positive,Positive,Positive
Positive,Positive,Positive,Positive,Positive,Positive,Positive,Positive,Positive,Positive
Positive,Positive,Positive,Positive,Positive,Positive,Positive,Positive,Positive,Positive
Negative,Positive,Negative,Positive,Positive,Positive,Positive,Positive,Positive,Negative
Positive,Negative,Positive,Positive,Positive,Positive,Positive,Positive,Positive,Positive
Positive,Positive,Positive,Positive,Positive,Positive,Positive,Negative,Positive,Positive
Positive,Positive,Positive,Positive,Positive,Negative,Positive,Negative,Negative,Negative
Positive,Negative,Negative,Positive,Positive,Positive,Positive,Positive,Positive,Positive
Positive,Positive,Positive,Negative,Negative,Positive,Positive,Positive,Positive,Negative
Positive,Positive,Positive,Positive,Negative,Positive,Positive,Positive,Positive,Positive
Negative,Positive,Negative,Positive,Positive,Positive,Positive,Positive,Positive,Negative
Positive,Negative,Positive,Positive,Positive,Negative,Positive,Positive,Negative,Positive
Positive,Positive,Positive,Positive,Positive,Positive,Positive,Positive,Positive,Positive
Positive,Negative,Positive,Negative,Negative,Positive,Positive,Negative,Positive,Positive
Positive,Positive,Positive,Positive,Negative,Positive,Positive,Positive,Positive,Positive
Positive,Positive,Negative,Positive,Positive,Positive,Positive,Negative,Positive,Negative
Positive,Negative,Positive,Positive,Positive,Positive,Negative,Positive,Positive,Positive
Positive,Positive,Positive,Positive,Positive,Positive,Positive,Positive,Positive,Positive
Positive,Positive,Positive,Positive,Positive,Positive,Positive,Negative,Negative,Negative
Positive,Positive,Positive,Positive,Positive,Negative,Positive,Positive,Positive,Positive
Positive,Positive,Positive,Negative,Positive,Positive,Positive,Negative,Positive,Positive
Positive,Positive,Positive,Positive,Positive,Positive,Positive,Positive,Positive,Positive
Positive,Positive,Positive,Positive,Positive,Negative,Positive,Negative,Positive,Positive
Positive,Positive,Positive,Positive,Negative,Positive,Positive,Positive,Positive,Positive
Negative,Negative,Positive,Negative,Positive,Negative,Positive,Positive,Positive,Positive
Positive,Positive,Negative,Positive,Positive,Positive,Negative,Positive,Positive,Positive
Positive,Positive,Positive,Positive,Negative,Positive,Positive,Positive,Positive,Positive
Positive,Positive,Positive,Positive,Positive,Positive,Positive,Positive,Positive,Positive
Negative,Positive,Positive,Positive,Positive,Positive,Positive,Positive,Positive,Positive
Positive,Positive,Positive,Positive,Negative,Positive,Positive,Positive,Positive,Positive
Positive,Negative,Positive,Positive,Positive,Positive,Positive,Positive,Positive,Positive
Positive,Positive,Positive,Negative,Positive,Positive,Positive,Positive,Negative,Negative
Negative,Positive,Positive,Positive,Positive,Positive,Positive,Positive,Positive,Positive
Positive,Positive,Negative,Positive,Positive,Negative,Positive,Positive,Positive,Positive
Positive,Positive,Positive,Positive,Positive,Positive,Negative,Positive,Positive,Positive
Negative,Positive,Negative,Positive,Positive,Positive,Positive,Positive,Positive,Positive
Positive,Positive,Positive,Positive,Positive,Negative,Positive,Negative,Positive,Positive
Positive,Negative,Negative,Positive,Positive,Positive,Positive,Positive,Negative,Positive
Positive,Positive,Positive,Positive,Positive,Negative,Positive,Positive,Positive,Positive
Negative,Positive,Negative,Positive,Positive,Positive,Negative,Positive,Positive,Positive
Positive,Positive,Negative,Positive,Positive,Positive,Positive,Positive,Positive,Positive
Negative,Positive,Positive,Negative,Negative,Positive,Positive,Positive,Positive,Positive
Negative,Positive,Positive,Positive,Positive,Positive,Positive,Positive,Positive,Positive
Positive,Positive,Positive,Positive,Positive,Positive,Positive,Positive,Positive,Positive
Positive,Positive,Positive,Positive,Positive,Negative,Positive,Negative,Positive,Positive
Negative,Negative,Positive,Negative,Positive,Positive,Positive,Positive,Negative,Negative
Negative,Positive,Positive,Positive,Negative,Negative,Positive,Positive,Positive,Negative
Positive,Positive,Positive,Positive,Positive,Positive,Positive,Positive,Positive,Positive
Positive,Positive,Negative,Negative,Positive,Positive,Positive,Positive,Positive,Positive
Negative,Negative,Positive,Positive,Negative,Positive,Positive,Positive,Positive,Positive
Positive,Negative,Positive,Positive,Positive,Negative,Positive,Negative,Positive,Positive
Positive,Positive,Positive,Positive,Positive,Positive,Positive,Positive,Positive,Positive
Positive,Positive,Positive,Positive,Positive,Positive,Positive,Positive,Positive,Positive
Positive,Positive,Positive,Positive,Positive,Positive,Negative,Positive,Positive,Positive
Positive,Positive,Positive,Positive,Positive,Positive,Positive,Positive,Negative,Positive
Negative,Positive,Positive,Positive,Negative,Negative,Positive,Positive,Positive,Positive
Positive,Negative,Negative,Negative,Positive,Positive,Positive,Negative,Positive,Positive
Positive,Positive,Positive,Negative,Positive,Negative,Positive,Negative,Positive,Positive
Positive,Positive,Positive,Positive,Positive,Positive,Positive,Positive,Positive,Positive
Negative,Positive,Positive,Negative,Positive,Positive,Positive,Positive,Positive,Positive
Positive,Positive,Positive,Positive,Positive,Positive,Positive,Positive,Positive,Positive
Positive,Positive,Positive,Positive,Positive,Positive,Positive,Positive,Negative,Positive
Positive,Negative,Negative,Positive,Positive,Positive,Positive,Positive,Negative,Positive
Positive,Positive,Positive,Positive,Positive,Negative,Positive,Positive,Positive,Positive
Positive,Positive,Positive,Negative,Positive,Positive,Positive,Positive,Positive,Positive
Negative,Positive,Positive,Positive,Positive,Positive,Positive,Negative,Negative,Negative
Positive,Positive,Positive,Negative,Positive,Negative,Positive,Positive,Positive,Positive
Positive,Positive,Positive,Positive,Positive,Positive,Positive,Positive,Positive,Positive
Positive,Positive,Positive,Positive,Positive,Positive,Positive,Positive,Positive,Positive
Positive,Positive,Positive,Positive,Positive,Positive,Positive,Positive,Negative,Positive
Negative,Negative,Positive,Positive,Negative,Positive,Positive,Positive,Positive,Positive
Positive,Positive,Positive,Positive,Positive,Positive,Positive,Positive,Positive,Positive
Positive,Positive,Positive,Positive,Positive,Positive,Positive,Negative,Positive,Positive
Positive,Positive,Positive,Negative,Positive,Positive,Positive,Positive,Positive,Positive
Negative,Positive,Positive,Positive,Positive,Positive,Positive,Positive,Positive,Negative
Positive,Positive,Negative,Positive,Positive,Positive,Positive,Positive,Positive,Positive
Positive,Positive,Positive,Positive,Positive,Positive,Negative,Positive,Negative,Negative
Positive,Positive,Positive,Positive,Negative,Negative,Positive,Positive,Negative,Negative
Negative,Positive,Positive,Positive,Positive,Positive,Positive,Positive,Positive,Negative
Positive,Positive,Positive,Positive,Positive,Positive,Negative,Positive,Positive,Positive
Positive,Positive,Positive,Negative,Positive,Positive,Positive,Positive,Negative,Positive
Positive,Positive,Positive,Positive,Positive,Positive,Positive,Positive,Positive,Negative
Positive,Positive,Negative,Positive,Positive,Positive,Positive,Positive,Positive,Positive
Positive,Positive,Positive,Positive,Positive,Negative,Positive,Positive,Positive,Positive
Positive,Positive,Positive,Positive,Positive,Negative,Negative,Positive,Positive,Positive
Positive,Positive,Negative,Positive,Positive,Negative,Negative,Positive,Positive,Positive
Positive,Positive,Positive,Positive,Positive,Positive,Positive,Positive,Positive,Positive
Positive,Positive,Positive,Positive,Negative,Positive,Positive,Positive,Positive,Positive
Negative,Negative,Positive,Positive,Positive,Positive,Positive,Negative,Positive,Positive
Positive,Positive,Positive,Positive,Positive,Positive,Positive,Negative,Positive,Positive
Positive,Positive,Positive,Positive,Positive,Positive,Positive,Positive,Positive,Positive
Positive,Positive,Positive,Positive,Positive,Positive,Positive,Negative,Positive,Negative
Positive,Positive,Positive,Positive,Negative,Positive,Positive,Positive,Positive,Negative
Positive,Positive,Positive,Positive,Positive,Positive,Positive,Positive,Positive,Positive
Positive,Positive,Positive,Positive,Positive,Positive,Positive,Positive,Positive,Positive
Positive,Positive,Positive,Positive,Positive,Negative,Negative,Positive,Positive,Negative
Positive,Positive,Positive,Negative,Positive,Positive,Positive,Positive,Positive,Positive
Positive,Negative,Negative,Positive,Positive,Positive,Positive,Negative,Positive,Positive
Positive,Positive,Positive,Positive,Positive,Positive,Positive,Positive,Positive,Positive
Positive,Positive,Negative,Negative,Positive,Negative,Positive,Positive,Negative,Positive
Positive,Positive,Negative,Negative,Negative,Positive,Positive,Positive,Positive,Positive
Positive,Positive,Positive,Positive,Positive,Positive,Positive,Positive,Positive,Positive
Positive,Positive,Positive,Negative,Negative,Negative,Positive,Positive,Positive,Positive
Positive,Positive,Negative,Positive,Positive,Negative,Positive,Positive,Positive,Positive
Positive,Negative,Positive,Positive,Positive,Positive,Positive,Positive,Negative,Positive
Negative,Positive,Positive,Positive,Positive,Positive,Positive,Positive,Positive,Negative
Negative,Positive,Positive,Negative,Negative,Positive,Negative,Positive,Positive,Positive
Negative,Positive,Negative,Positive,Positive,Positive,Positive,Positive,Positive,Positive
Positive,Positive,Positive,Positive,Negative,Positive,Positive,Positive,Positive,Negative
Positive,Positive,Positive,Positive,Positive,Positive,Negative,Positive,Negative,Positive
Positive,Positive,Positive,Negative,Positive,Positive,Positive,Positive,Positive,Positive
Negative,Positive,Positive,Positive,Positive,Positive,Positive,Positive,Positive,Positive
Positive,Positive,Positive,Positive,Positive,Positive,Positive,Positive,Positive,Positive
Positive,Positive,Positive,Positive,Negative,Positive,Positive,Positive,Positive,Positive
Positive,Positive,Positive,Positive,Positive,Positive,Positive,Positive,Positive,Positive
Positive,Positive,Negative,Negative,Positive,Negative,Positive,Negative,Positive,Negative
Positive,Positive,Positive,Positive,Negative,Positive,Positive,Negative,Positive,Positive
Negative,Positive,Positive,Positive,Positive,Positive,Positive,Positive,Positive,Positive
Positive,Positive,Positive,Positive,Negative,Positive,Positive,Positive,Positive,Negative
Positive,Positive,Positive,Positive,Positive,Positive,Positive,Positive,Positive,Positive
Positive,Positive,Negative,Positive,Positive,Positive,Positive,Positive,Positive,Positive
Positive,Positive,Positive,Positive,Negative,Positive,Negative,Negative,Positive,Negative
Positive,Negative,Negative,Positive,Negative,Negative,Positive,Positive,Positive,Positive
Positive,Positive,Positive,Positive,Negative,Positive,Negative,Positive,Positive,Positive
Positive,Positive,Positive,Negative,Positive,Positive,Positive,Negative,Positive,Positive
Positive,Positive,Negative,Positive,Negative,Positive,Positive,Negative,Positive,Positive
Positive,Positive,Negative,Positive,Positive,Negative,Positive,Positive,Negative,Positive
Positive,Positive,Positive,Positive,Positive,Positive,Positive,Positive,Positive,Negative
Positive,Positive,Positive,Positive,Negative,Positive,Positive,Positive,Positive,Positive
Positive,Negative,Negative,Positive,Positive,Positive,Negative,Negative,Positive,Positive
Positive,Positive,Negative,Positive,Positive,Positive,Negative,Positive,Positive,Positive
Positive,Positive,Positive,Positive,Positive,Positive,Positive,Positive,Positive,Positive
Positive,Positive,Positive,Positive,Positive,Positive,Negative,Positive,Positive,Negative
Positive,Positive,Positive,Positive,Positive,Negative,Positive,Positive,Positive,Negative
Positive,Positive,Negative,Positive,Positive,Positive,Positive,Negative,Positive,Positive
Positive,Positive,Negative,Positive,Positive,Negative,Negative,Positive,Negative,Positive
Negative,Positive,Positive,Positive,Negative,Positive,Positive,Negative,Positive,Positive
Positive,Positive,Positive,Positive,Positive,Negative,Positive,Negative,Negative,Negative
Positive,Positive,Negative,Positive,Positive,Negative,Positive,Positive,Positive,Positive
Negative,Positive,Positive,Positive,Positive,Negative,Negative,Positive,Positive,Positive
Positive,Positive,Positive,Positive,Positive,Positive,Positive,Positive,Negative,Positive
Positive,Positive,Positive,Positive,Positive,Positive,Positive,Negative,Negative,Positive
Negative,Negative,Positive,Positive,Positive,Positive,Positive,Positive,Positive,Positive
Positive,Positive,Positive,Positive,Negative,Positive,Positive,Positive,Positive,Positive
Negative,Positive,Positive,Positive,Positive,Positive,Positive,Positive,Positive,Positive
Positive,Positive,Negative,Positive,Positive,Positive,Positive,Positive,Positive,Positive
Negative,Positive,Positive,Positive,Positive,Positive,Positive,Positive,Negative,Positive
Positive,Positive,Positive,Negative,Negative,Positive,Positive,Positive,Positive,Negative
Negative,Positive,Negative,Positive,Positive,Positive,Positive,Positive,Positive,Negative
Positive,Positive,Positive,Negative,Positive,Positive,Positive,Positive,Positive,Negative
Positive,Positive,Positive,Positive,Negative,Negative,Positive,Positive,Positive,Positive
Positive,Positive,Positive,Negative,Positive,Negative,Negative,Positive,Positive,Positive
Negative,Positive,Positive,Positive,Positive,Positive,Positive,Positive,Positive,Positive
Positive,Positive,Negative,Positive,Positive,Negative,Positive,Positive,Positive,Positive
Negative,Negative,Negative,Positive,Positive,Positive,Positive,Positive,Positive,Positive
Negative,Positive,Positive,Positive,Positive,Negative,Positive,Positive,Negative,Positive
Positive,Positive,Positive,Positive,Positive,Negative,Positive,Positive,Positive,Positive
Positive,Positive,Positive,Positive,Positive,Positive,Positive,Positive,Positive,Positive
Negative,Positive,Positive,Positive,Positive,Positive,Positive,Positive,Positive,Positive
Negative,Positive,Positive,Positive,Positive,Positive,Positive,Positive,Positive,Positive
Positive,Positive,Positive,Positive,Positive,Positive,Positive,Negative,Positive,Positive
Negative,Positive,Positive,Negative,Positive,Negative,Positive,Positive,Positive,Negative
Negative,Positive,Positive,Positive,Positive,Positive,Positive,Positive,Positive,Positive
Positive,Positive,Positive,Positive,Positive,Positive,Positive,Positive,Negative,Positive
Positive,Positive,Positive,Positive,Positive,Positive,Positive,Positive,Positive,Positive
Positive,Positive,Positive,Negative,Positive,Negative,Positive,Positive,Positive,Positive
Positive,Positive,Positive,Negative,Positive,Positive,Positive,Positive,Positive,Positive
Positive,Positive,Negative,Negative,Positive,Positive,Positive,Positive,Positive,Positive
Positive,Positive,Negative,Positive,Positive,Negative,Positive,Negative,Positive,Positive
Negative,Positive,Positive,Positive,Positive,Positive,Positive,Positive,Positive,Positive
Positive,Negative,Positive,Positive,Positive,Positive,Negative,Positive,Positive,Positive
Positive,Positive,Negative,Positive,Positive,Positive,Positive,Positive,Positive,Positive
Negative,Negative,Positive,Positive,Negative,Positive,Positive,Positive,Positive,Positive
Positive,Positive,Negative,Positive,Positive,Positive,Positive,Positive,Positive,Positive
Positive,Positive,Positive,Positive,Negative,Positive,Positive,Positive,Positive,Positive
Positive,Positive,Positive,Positive,Positive,Negative,Positive,Positive,Positive,Positive
Positive,Positive,Negative,Positive,Positive,Positive,Positive,Positive,Negative,Positive
Negative,Positive,Positive,Positive,Positive,Positive,Negative,Positive,Positive,Positive
Positive,Positive,Positive,Positive,Positive,Positive,Negative,Positive,Positive,Positive
Positive,Positive,Positive,Positive,Positive,Positive,Negative,Positive,Positive,Positive
Positive,Positive,Negative,Negative,Positive,Positive,Positive,Positive,Positive,Positive
Positive,Positive,Positive,Positive,Negative,Positive,Positive,Positive,Positive,Positive
Positive,Negative,Positive,Positive,Positive,Positive,Positive,Positive,Positive,Positive
Positive,Positive,Negative,Negative,Positive,Positive,Positive,Positive,Positive,Positive
Positive,Positive,Positive,Positive,Positive,Positive,Negative,Positive,Positive,Positive
Positive,Positive,Positive,Negative,Positive,Positive,Negative,Positive,Positive,Positive
Positive,Positive,Positive,Positive,Positive,Positive,Positive,Positive,Positive,Positive
Negative,Positive,Positive,Positive,Positive,Positive,Negative,Positive,Negative,Positive
Positive,Positive,Positive,Negative,Negative,Negative,Positive,Positive,Positive,Negative
Negative,Positive,Positive,Positive,Negative,Positive,Positive,Positive,Positive,Positive
Positive,Positive,Positive,Positive,Negative,Positive,Positive,Positive,Positive,Positive
Negative,Positive,Positive,Positive,Positive,Positive,Negative,Positive,Positive,Positive
Negative,Positive,Positive,Positive,Negative,Positive,Negative,Positive,Negative,Positive
Positive,Positive,Positive,Positive,Positive,Positive,Positive,Positive,Negative,Positive
Positive,Negative,Positive,Negative,Positive,Negative,Positive,Positive,Positive,Positive
Positive,Positive,Positive,Positive,Positive,Positive,Positive,Positive,Positive,Negative
Positive,Positive,Positive,Positive,Positive,Positive,Positive,Positive,Positive,Positive
Positive,Positive,Positive,Positive,Positive,Positive,Positive,Positive,Positive,Positive
Positive,Positive,Positive,Positive,Negative,Positive,Positive,Positive,Positive,Positive
Positive,Positive,Negative,Positive,Positive,Positive,Positive,Positive,Positive,Positive
Positive,Positive,Positive,Negative,Positive,Positive,Positive,Negative,Positive,Negative
Positive,Positive,Positive,Positive,Positive,Positive,Positive,Negative,Positive,Negative
Positive,Positive,Positive,Positive,Positive,Positive,Positive,Positive,Positive,Positive
Positive,Positive,Positive,Positive,Positive,Positive,Positive,Positive,Positive,Positive
Positive,Positive,Positive,Positive,Positive,Positive,Positive,Positive,Positive,Positive
Positive,Positive,Negative,Positive,Positive,Positive,Positive,Positive,Positive,Positive
Positive,Positive,Negative,Positive,Positive,Positive,Positive,Positive,Negative,Positive
Positive,Positive,Negative,Negative,Positive,Positive,Negative,Positive,Positive,Positive
Positive,Positive,Positive,Positive,Positive,Positive,Positive,Negative,Positive,Positive
Positive,Positive,Positive,Positive,Positive,Positive,Positive,Positive,Positive,Positive
Positive,Positive,Positive,Positive,Positive,Positive,Negative,Positive,Positive,Positive
Positive,Positive,Positive,Positive,Positive,Positive,Positive,Positive,Negative,Positive
Positive,Positive,Positive,Positive,Positive,Positive,Positive,Positive,Positive,Positive
Positive,Positive,Positive,Positive,Positive,Positive,Positive,Positive,Positive,Positive
Positive,Positive,Negative,Positive,Negative,Negative,Positive,Positive,Positive,Positive
Negative,Positive,Positive,Positive,Positive,Positive,Negative,Positive,Positive,Negative
Positive,Negative,Positive,Positive,Negative,Positive,Negative,Positive,Positive,Positive
Positive,Positive,Positive,Positive,Positive,Positive,Positive,Positive,Positive,Positive
Positive,Positive,Negative,Positive,Positive,Positive,Positive,Positive,Positive,Positive
Negative,Positive,Positive,Positive,Negative,Positive,Negative,Negative,Positive,Negative
Positive,Negative,Positive,Positive,Positive,Positive,Negative,Positive,Positive,Positive
Positive,Positive,Positive,Positive,Negative,Negative,Positive,Positive,Negative,Positive
Positive,Negative,Positive,Negative,Positive,Positive,Positive,Positive,Positive,Positive
Positive,Positive,Positive,Positive,Negative,Positive,Positive,Positive,Positive,Negative
Positive,Positive,Positive,Positive,Negative,Positive,Positive,Negative,Positive,Positive
Positive,Positive,Positive,Negative,Positive,Positive,Negative,Positive,Positive,Positive
Positive,Positive,Positive,Negative,Negative,Positive,Positive,Negative,Positive,Positive
Positive,Positive,Positive,Positive,Positive,Positive,Positive,Positive,Positive,Positive
Positive,Positive,Positive,Positive,Positive,Positive,Positive,Positive,Positive,Positive
Positive,Negative,Negative,Positive,Positive,Positive,Positive,Positive,Positive,Positive
Positive,Positive,Positive,Positive,Negative,Positive,Positive,Positive,Positive,Positive
Negative,Positive,Positive,Negative,Positive,Positive,Positive,Positive,Negative,Positive
Positive,Positive,Positive,Positive,Negative,Positive,Positive,Positive,Positive,Negative
Positive,Positive,Positive,Positive,Negative,Positive,Positive,Positive,Negative,Positive
Positive,Positive,Negative,Positive,Negative,Negative,Positive,Positive,Positive,Positive
Positive,Positive,Positive,Positive,Positive,Positive,Positive,Negative,Positive,Positive
Positive,Positive,Negative,Positive,Positive,Negative,Positive,Positive,Positive,Positive
Positive,Negative,Positive,Positive,Positive,Positive,Positive,Negative,Positive,Positive
Negative,Positive,Positive,Positive,Positive,Positive,Positive,Positive,Positive,Positive
Positive,Positive,Negative,Negative,Positive,Positive,Positive,Positive,Positive,Positive
Positive,Positive,Positive,Positive,Negative,Negative,Negative,Positive,Positive,Negative
Positive,Positive,Positive,Positive,Negative,Positive,Negative,Positive,Positive,Negative
Positive,Positive,Positive,Positive,Positive,Negative,Positive,Positive,Positive,Positive
Negative,Positive,Positive,Positive,Positive,Positive,Positive,Negative,Positive,Negative
Positive,Positive,Negative,Negative,Positive,Positive,Positive,Positive,Positive,Positive
Negative,Positive,Positive,Positive,Positive,Positive,Negative,Negative,Positive,Negative
Positive,Positive,Negative,Positive,Positive,Positive,Positive,Positive,Positive,Positive
Positive,Positive,Positive,Negative,Positive,Positive,Positive,Positive,Positive,Positive
Positive,Negative,Positive,Positive,Positive,Negative,Positive,Positive,Negative,Positive
Positive,Positive,Positive,Positive,Positive,Positive,Positive,Positive,Positive,Positive
Negative,Positive,Positive,Positive,Positive,Positive,Negative,Positive,Positive,Positive
Positive,Positive,Positive,Positive,Negative,Negative,Positive,Positive,Positive,Positive
Positive,Negative,Positive,Negative,Negative,Positive,Positive,Positive,Positive,Positive
Negative,Positive,Negative,Negative,Positive,Positive,Negative,Positive,Positive,Positive
Negative,Positive,Positive,Positive,Positive,Positive,Negative,Positive,Negative,Positive
Negative,Positive,Positive,Positive,Positive,Positive,Positive,Positive,Positive,Positive
Positive,Positive,Positive,Positive,Positive,Positive,Positive,Positive,Positive,Positive
Negative,Positive,Positive,Positive,Positive,Negative,Positive,Negative,Positive,Positive
Negative,Positive,Negative,Positive,Negative,Positive,Positive,Positive,Negative,Positive
Positive,Negative,Positive,Positive,Positive,Positive,Positive,Positive,Negative,Positive
Positive,Positive,Positive,Positive,Positive,Positive,Positive,Positive,Positive,Positive
Positive,Positive,Positive,Positive,Positive,Positive,Positive,Positive,Positive,Positive
Positive,Positive,Negative,Positive,Negative,Negative,Negative,Positive,Positive,Positive
Negative,Negative,Positive,Positive,Positive,Positive,Positive,Negative,Positive,Positive
Positive,Positive,Positive,Positive,Positive,Positive,Negative,Positive,Positive,Positive
Positive,Positive,Positive,Positive,Negative,Positive,Positive,Positive,Positive,Positive
Positive,Positive,Positive,Positive,Positive,Negative,Positive,Positive,Negative,Positive
Positive,Positive,Negative,Positive,Positive,Negative,Positive,Positive,Positive,Positive
Positive,Positive,Positive,Positive,Positive,Positive,Positive,Positive,Positive,Positive
Positive,Positive,Positive,Positive,Negative,Positive,Negative,Positive,Positive,Positive
Positive,Positive,Positive,Positive,Positive,Positive,Positive,Positive,Positive,Positive
Negative,Negative,Positive,Positive,Negative,Positive,Positive,Positive,Positive,Positive
Negative,Positive,Positive,Positive,Positive,Negative,Positive,Positive,Negative,Negative
Positive,Positive,Positive,Negative,Positive,Negative,Negative,Positive,Negative,Positive
Positive,Negative,Positive,Negative,Positive,Positive,Positive,Positive,Positive,Positive
Positive,Positive,Positive,Negative,Positive,Positive,Negative,Negative,Positive,Negative
Positive,Positive,Positive,Negative,Positive,Positive,Positive,Positive,Positive,Positive
Positive,Positive,Positive,Positive,Positive,Positive,Positive,Positive,Positive,Negative
Negative,Positive,Positive,Positive,Negative,Positive,Positive,Negative,Positive,Positive
Negative,Positive,Positive,Positive,Positive,Positive,Positive,Positive,Negative,Positive
Negative,Positive,Positive,Negative,Positive,Positive,Positive,Negative,Positive,Positive
Positive,Positive,Positive,Positive,Positive,Positive,Positive,Positive,Positive,Positive
Positive,Positive,Negative,Positive,Negative,Positive,Positive,Positive,Positive,Positive
Negative,Negative,Positive,Positive,Positive,Positive,Positive,Positive,Positive,Negative
Positive,Negative,Positive,Negative,Positive,Positive,Positive,Positive,Positive,Negative
Positive,Positive,Negative,Negative,Positive,Positive,Positive,Positive,Positive,Positive
Positive,Positive,Positive,Positive,Positive,Negative,Positive,Negative,Negative,Positive
Positive,Positive,Positive,Positive,Positive,Positive,Positive,Negative,Positive,Positive
Positive,Negative,Positive,Positive,Positive,Positive,Positive,Negative,Positive,Negative
Negative,Positive,Positive,Negative,Positive,Positive,Positive,Positive,Negative,Positive
Positive,Positive,Negative,Positive,Positive,Positive,Positive,Positive,Positive,Negative
Positive,Positive,Negative,Positive,Positive,Negative,Negative,Negative,Positive,Positive
Positive,Positive,Negative,Positive,Positive,Negative,Positive,Positive,Positive,Positive
Positive,Negative,Positive,Positive,Positive,Negative,Positive,Positive,Positive,Positive
Positive,Positive,Positive,Positive,Positive,Positive,Negative,Positive,Negative,Negative
Negative,Negative,Positive,Negative,Negative,Positive,Negative,Positive,Positive,Positive
Negative,Negative,Positive,Positive,Positive,Positive,Positive,Positive,Positive,Negative
Positive,Positive,Positive,Positive,Negative,Negative,Positive,Positive,Negative,Positive
Negative,Positive,Positive,Positive,Positive,Positive,Positive,Negative,Positive,Positive
Positive,Positive,Positive,Positive,Positive,Positive,Positive,Positive,Negative,Positive
Positive,Positive,Negative,Positive,Negative,Positive,Positive,Positive,Positive,Positive
Positive,Positive,Positive,Negative,Positive,Positive,Positive,Positive,Positive,Positive
Positive,Positive,Negative,Negative,Positive,Negative,Positive,Positive,Positive,Positive
Positive,Positive,Positive,Positive,Positive,Positive,Positive,Positive,Positive,Positive
Positive,Negative,Positive,Positive,Positive,Negative,Negative,Positive,Positive,Positive
Negative,Positive,Positive,Positive,Negative,Positive,Positive,Positive,Positive,Positive
Positive,Positive,Positive,Positive,Positive,Positive,Positive,Negative,Negative,Negative
